Ind1,Ind2,R,slim_days1,x1,y1,slim_days2,x2,y2
F22_KNP,F21_KNP,PO,152,18.535396605551956,30.737591468522588,152,18.570616795132626,30.711641335581515
F23_KNP,F21_KNP,PO,152,18.572470899093783,30.71534846565453,152,18.570616795132626,30.711641335581515
F23_KNP,F22_KNP,PO,152,18.572470899093783,30.71534846565453,152,18.535396605551956,30.737591468522588
F25_KNP,F16_KNP,PO,152,18.644766494456302,30.707934205508515,132,37.208050903686534,29.532762183574317
F27_KNP,F13_KNP,PO,194,31.848908551536656,35.4883262014975,126,20.302003988150027,28.911811723912635
F27_KNP,F26_KNP,PO,194,31.848908551536656,35.4883262014975,194,31.917495938977257,35.508715583721546
F28_KNP,F16_KNP,PO,194,31.77475885221298,35.566176711535704,132,37.208050903686534,29.532762183574317
F28_KNP,F23_KNP,PO,194,31.77475885221298,35.566176711535704,152,18.572470899093783,30.71534846565453
F29_KNP,F15_KNP,PO,194,31.72656215938464,35.65700234365197,132,37.19507440043886,29.564273067232392
F31_KNP,F30_KNP,PO,194,31.331716984712898,36.00732963882391,194,31.32615578506945,36.0091831482529
F32_KNP,F15_KNP,PO,194,31.268689684675735,36.261270551162596,132,37.19507440043886,29.564273067232392
F32_KNP,F29_KNP,PO,194,31.268689684675735,36.261270551162596,194,31.72656215938464,35.65700234365197
F34_KNP,F20_KNP,PO,274,23.345092432946753,43.77718122028023,135,36.71125003147464,29.831189101649127
F36_KNP,F20_KNP,PO,274,23.33730675344608,43.837237328023996,135,36.71125003147464,29.831189101649127
F36_KNP,F25_KNP,PO,274,23.33730675344608,43.837237328023996,152,18.644766494456302,30.707934205508515
F38_KNP,F14_KNP,PO,174,29.363052310995677,44.350309223775575,132,37.19692850440002,29.556858807086385
F38_KNP,F28_KNP,PO,174,29.363052310995677,44.350309223775575,194,31.77475885221298,35.566176711535704
F40_KNP,F16_KNP,PO,174,29.34451460810495,44.289140965888414,132,37.208050903686534,29.532762183574317
F40_KNP,F28_KNP,PO,174,29.34451460810495,44.289140965888414,194,31.77475885221298,35.566176711535704
F40_KNP,F29_KNP,PO,174,29.34451460810495,44.289140965888414,194,31.72656215938464,35.65700234365197
F40_KNP,F32_KNP,PO,174,29.34451460810495,44.289140965888414,194,31.268689684675735,36.261270551162596
F41_KNP,F35_KNP,PO,174,29.292609707354295,44.27801946445438,274,23.41071458873721,43.88505978419031
F42_KNP,F16_KNP,PO,239,10.24364793743831,22.19627836718737,132,37.208050903686534,29.532762183574317
F42_KNP,F29_KNP,PO,239,10.24364793743831,22.19627836718737,194,31.72656215938464,35.65700234365197
F43_KNP,F16_KNP,PO,239,10.225110234547582,22.18515686575334,132,37.208050903686534,29.532762183574317
F43_KNP,F28_KNP,PO,239,10.225110234547582,22.18515686575334,194,31.77475885221298,35.566176711535704
F43_KNP,F40_KNP,PO,239,10.225110234547582,22.18515686575334,174,29.34451460810495,44.289140965888414
F43_KNP,F42_KNP,PO,239,10.225110234547582,22.18515686575334,239,10.24364793743831,22.19627836718737
F44_KNP,F43_KNP,PO,239,10.093495547070212,22.062820349979006,239,10.225110234547582,22.18515686575334
F45_KNP,F16_KNP,PO,240,9.713479867366884,21.853365443376443,132,37.208050903686534,29.532762183574317
F45_KNP,F28_KNP,PO,240,9.713479867366884,21.853365443376443,194,31.77475885221298,35.566176711535704
F45_KNP,F40_KNP,PO,240,9.713479867366884,21.853365443376443,174,29.34451460810495,44.289140965888414
F45_KNP,F42_KNP,PO,240,9.713479867366884,21.853365443376443,239,10.24364793743831,22.19627836718737
F46_KNP,F15_KNP,PO,287,21.851724584660932,52.25769674337107,132,37.19507440043886,29.564273067232392
F46_KNP,F35_KNP,PO,287,21.851724584660932,52.25769674337107,274,23.41071458873721,43.88505978419031
F47_KNP,F28_KNP,PO,255,9.266729791944092,7.734619372875069,194,31.77475885221298,35.566176711535704
F47_KNP,F38_KNP,PO,255,9.266729791944092,7.734619372875069,174,29.363052310995677,44.350309223775575
F47_KNP,F40_KNP,PO,255,9.266729791944092,7.734619372875069,174,29.34451460810495,44.289140965888414
F47_KNP,F42_KNP,PO,255,9.266729791944092,7.734619372875069,239,10.24364793743831,22.19627836718737
F47_KNP,F44_KNP,PO,255,9.266729791944092,7.734619372875069,239,10.093495547070212,22.062820349979006
F48_KNP,F21_KNP,PO,255,9.261168592301035,7.727205001514042,152,18.570616795132626,30.711641335581515
F50_KNP,F21_KNP,PO,59,14.661090109194992,19.897835145276176,152,18.570616795132626,30.711641335581515
M33_KNP,F23_KNP,PO,255,9.300096989804022,7.814323503557291,152,18.572470899093783,30.71534846565453
M34_KNP,F32_KNP,PO,136,5.6204369299212855,14.830137287786355,194,31.268689684675735,36.261270551162596
M35_KNP,F16_KNP,PO,136,5.815078917435428,14.707800772012018,132,37.208050903686534,29.532762183574317
M35_KNP,F47_KNP,PO,136,5.815078917435428,14.707800772012018,255,9.266729791944092,7.734619372875069
M43_KNP,F34_KNP,PO,135,36.73534893400882,29.840457093654152,274,23.345092432946753,43.77718122028023
M44_KNP,F16_KNP,PO,121,18.12757492763215,53.727588553307065,132,37.208050903686534,29.532762183574317
M44_KNP,F25_KNP,PO,121,18.12757492763215,53.727588553307065,152,18.644766494456302,30.707934205508515
M44_KNP,F31_KNP,PO,121,18.12757492763215,53.727588553307065,194,31.331716984712898,36.00732963882391
M47_KNP,F15_KNP,PO,194,30.605052823165778,37.03977565154471,132,37.19507440043886,29.564273067232392
M47_KNP,F32_KNP,PO,194,30.605052823165778,37.03977565154471,194,31.268689684675735,36.261270551162596
M47_KNP,F50_KNP,PO,194,30.605052823165778,37.03977565154471,59,14.661090109194992,19.897835145276176
M48_KNP,F33_KNP,PO,195,36.496217349348235,32.517031697967425,274,23.356214832233267,43.64149890278506
M48_KNP,F43_KNP,PO,195,36.496217349348235,32.517031697967425,239,10.225110234547582,22.18515686575334
M48_KNP,M42_KNP,PO,195,36.496217349348235,32.517031697967425,134,33.26886745229133,26.976670474391373
M49_KNP,F21_KNP,PO,274,23.3395312333033,43.83167657730698,152,18.570616795132626,30.711641335581515
M49_KNP,F32_KNP,PO,274,23.3395312333033,43.83167657730698,194,31.268689684675735,36.261270551162596
M49_KNP,F36_KNP,PO,274,23.3395312333033,43.83167657730698,274,23.33730675344608,43.837237328023996
M49_KNP,F47_KNP,PO,274,23.3395312333033,43.83167657730698,255,9.266729791944092,7.734619372875069
M49_KNP,F50_KNP,PO,274,23.3395312333033,43.83167657730698,59,14.661090109194992,19.897835145276176
M49_KNP,M35_KNP,PO,274,23.3395312333033,43.83167657730698,136,5.815078917435428,14.707800772012018
M50_KNP,F15_KNP,PO,274,23.436296107096464,43.526947438014545,132,37.19507440043886,29.564273067232392
M50_KNP,F29_KNP,PO,274,23.436296107096464,43.526947438014545,194,31.72656215938464,35.65700234365197
M50_KNP,F32_KNP,PO,274,23.436296107096464,43.526947438014545,194,31.268689684675735,36.261270551162596
M50_KNP,M47_KNP,PO,274,23.436296107096464,43.526947438014545,194,30.605052823165778,37.03977565154471
M51_KNP,F16_KNP,PO,144,24.445097722385125,31.912763490456783,132,37.208050903686534,29.532762183574317
M51_KNP,F18_KNP,PO,144,24.445097722385125,31.912763490456783,135,36.929990921522965,29.686609583006724
M51_KNP,F35_KNP,PO,144,24.445097722385125,31.912763490456783,274,23.41071458873721,43.88505978419031
M51_KNP,M35_KNP,PO,144,24.445097722385125,31.912763490456783,136,5.815078917435428,14.707800772012018
M51_KNP,M49_KNP,PO,144,24.445097722385125,31.912763490456783,274,23.3395312333033,43.83167657730698
M54_KNP,F16_KNP,PO,239,10.210280739578776,22.136963729944213,132,37.208050903686534,29.532762183574317
M54_KNP,F25_KNP,PO,239,10.210280739578776,22.136963729944213,152,18.644766494456302,30.707934205508515
M54_KNP,F40_KNP,PO,239,10.210280739578776,22.136963729944213,174,29.34451460810495,44.289140965888414
M55_KNP,F43_KNP,PO,239,10.14354634385971,22.10359922564212,239,10.225110234547582,22.18515686575334
M55_KNP,F45_KNP,PO,239,10.14354634385971,22.10359922564212,240,9.713479867366884,21.853365443376443
M55_KNP,M54_KNP,PO,239,10.14354634385971,22.10359922564212,239,10.210280739578776,22.136963729944213
M56_KNP,F16_KNP,PO,240,9.7208951709711,21.85892619409346,132,37.208050903686534,29.532762183574317
M56_KNP,F18_KNP,PO,240,9.7208951709711,21.85892619409346,135,36.929990921522965,29.686609583006724
M56_KNP,F28_KNP,PO,240,9.7208951709711,21.85892619409346,194,31.77475885221298,35.566176711535704
M56_KNP,F38_KNP,PO,240,9.7208951709711,21.85892619409346,174,29.363052310995677,44.350309223775575
M56_KNP,F41_KNP,PO,240,9.7208951709711,21.85892619409346,174,29.292609707354295,44.27801946445438
M56_KNP,F43_KNP,PO,240,9.7208951709711,21.85892619409346,239,10.225110234547582,22.18515686575334
M56_KNP,F45_KNP,PO,240,9.7208951709711,21.85892619409346,240,9.713479867366884,21.853365443376443
M56_KNP,M35_KNP,PO,240,9.7208951709711,21.85892619409346,136,5.815078917435428,14.707800772012018
M56_KNP,M51_KNP,PO,240,9.7208951709711,21.85892619409346,144,24.445097722385125,31.912763490456783
M56_KNP,M54_KNP,PO,240,9.7208951709711,21.85892619409346,239,10.210280739578776,22.136963729944213
M57_KNP,F18_KNP,PO,241,13.810229900494775,25.553118290835503,135,36.929990921522965,29.686609583006724
M57_KNP,M56_KNP,PO,241,13.810229900494775,25.553118290835503,240,9.7208951709711,21.85892619409346
M58_KNP,M40_KNP,PO,287,21.84616338501787,52.25398961329806,173,30.619883430374205,43.13435843739328
M62_KNP,F42_KNP,PO,57,9.188869660218847,21.977555913439826,239,10.24364793743831,22.19627836718737
M62_KNP,F43_KNP,PO,57,9.188869660218847,21.977555913439826,239,10.225110234547582,22.18515686575334
M62_KNP,F45_KNP,PO,57,9.188869660218847,21.977555913439826,240,9.713479867366884,21.853365443376443
M62_KNP,M33_KNP,PO,57,9.188869660218847,21.977555913439826,255,9.300096989804022,7.814323503557291
M62_KNP,M35_KNP,PO,57,9.188869660218847,21.977555913439826,136,5.815078917435428,14.707800772012018
M62_KNP,M55_KNP,PO,57,9.188869660218847,21.977555913439826,239,10.14354634385971,22.10359922564212
M62_KNP,M56_KNP,PO,57,9.188869660218847,21.977555913439826,240,9.7208951709711,21.85892619409346
M67_KNP,M38_KNP,PO,58,9.854367299129295,21.94233745484869,161,18.242506016179558,48.58389414006808
M68_KNP,F46_KNP,PO,174,29.33709930450034,44.26133721230333,287,21.851724584660932,52.25769674337107
M69_KNP,F29_KNP,PO,64,16.553755428587063,42.316928081992046,194,31.72656215938464,35.65700234365197
M69_KNP,F40_KNP,PO,64,16.553755428587063,42.316928081992046,174,29.34451460810495,44.289140965888414
M70_KNP,F31_KNP,PO,156,12.508909183969806,30.852513724150903,194,31.331716984712898,36.00732963882391
M73_KNP,M68_KNP,PO,57,9.188869660218847,21.977555913439826,174,29.33709930450034,44.26133721230333
M1_KNP,F45_KNP,PO,136,5.815078917435428,14.70965439265603,240,9.713479867366884,21.853365443376443
M1_KNP,M56_KNP,PO,136,5.815078917435428,14.70965439265603,240,9.7208951709711,21.85892619409346
M2_KNP,F19_KNP,PO,161,17.903272837940374,48.04820845059063,135,36.74276423761304,29.853432104517186
M3_KNP,M65_KNP,PO,136,5.97079250744698,14.624389511256796,254,10.857232889919143,5.178527663692128
M3_KNP,M65_KNP,PO,161,21.247407927505847,4.694742351311813,254,10.857232889919143,5.178527663692128
M3_KNP,M65_KNP,PO,162,21.60147060071384,8.236940558050442,254,10.857232889919143,5.178527663692128
M3_KNP,M65_KNP,PO,163,21.57551870645852,5.393543321011708,254,10.857232889919143,5.178527663692128
M3_KNP,M65_KNP,PO,206,21.65708259714679,12.379699842226696,254,10.857232889919143,5.178527663692128
M4_KNP,F49_KNP,PO,161,21.34009421748023,4.646549104287672,255,9.242632001649932,7.664183234197881
M4_KNP,F49_KNP,PO,162,21.69601099464938,8.057142914461949,255,9.242632001649932,7.664183234197881
M4_KNP,F49_KNP,PO,163,21.55141980392434,5.425054204669788,255,9.242632001649932,7.664183234197881
M6_KNP,F13_KNP,PO,62,14.347813274170418,31.829352229701552,126,20.302003988150027,28.911811723912635
M6_KNP,F13_KNP,PO,119,8.430696853733036,18.17770921942945,126,20.302003988150027,28.911811723912635
M7_KNP,F29_KNP,PO,206,22.14646816575407,12.374139091509683,194,31.72656215938464,35.65700234365197
M8_KNP,M67_KNP,PO,119,8.026582271495528,17.996058066411965,58,9.854367299129295,21.94233745484869
M10_KNP,F15_KNP,PO,286,18.25177542374493,24.82836707697953,132,37.19507440043886,29.564273067232392
M10_KNP,F15_KNP,PO,287,17.439468787691553,24.678412203049028,132,37.19507440043886,29.564273067232392
M10_KNP,F29_KNP,PO,286,18.25177542374493,24.82836707697953,194,31.72656215938464,35.65700234365197
M10_KNP,F29_KNP,PO,287,17.439468787691553,24.678412203049028,194,31.72656215938464,35.65700234365197
M10_KNP,F32_KNP,PO,286,18.25177542374493,24.82836707697953,194,31.268689684675735,36.261270551162596
M10_KNP,F32_KNP,PO,287,17.439468787691553,24.678412203049028,194,31.268689684675735,36.261270551162596
M10_KNP,F40_KNP,PO,286,18.25177542374493,24.82836707697953,174,29.34451460810495,44.289140965888414
M10_KNP,F40_KNP,PO,287,17.439468787691553,24.678412203049028,174,29.34451460810495,44.289140965888414
M10_KNP,M50_KNP,PO,286,18.25177542374493,24.82836707697953,274,23.436296107096464,43.526947438014545
M10_KNP,M50_KNP,PO,287,17.439468787691553,24.678412203049028,274,23.436296107096464,43.526947438014545
M10_KNP,M69_KNP,PO,286,18.25177542374493,24.82836707697953,64,16.553755428587063,42.316928081992046
M10_KNP,M69_KNP,PO,287,17.439468787691553,24.678412203049028,64,16.553755428587063,42.316928081992046
M11_KNP,F18_KNP,PO,119,7.996923281557915,17.933036187880788,135,36.929990921522965,29.686609583006724
M11_KNP,F18_KNP,PO,156,12.449590091854956,30.89329248859901,135,36.929990921522965,29.686609583006724
M11_KNP,F28_KNP,PO,119,7.996923281557915,17.933036187880788,194,31.77475885221298,35.566176711535704
M11_KNP,F28_KNP,PO,156,12.449590091854956,30.89329248859901,194,31.77475885221298,35.566176711535704
M11_KNP,F38_KNP,PO,119,7.996923281557915,17.933036187880788,174,29.363052310995677,44.350309223775575
M11_KNP,F38_KNP,PO,156,12.449590091854956,30.89329248859901,174,29.363052310995677,44.350309223775575
M11_KNP,F41_KNP,PO,119,7.996923281557915,17.933036187880788,174,29.292609707354295,44.27801946445438
M11_KNP,F41_KNP,PO,156,12.449590091854956,30.89329248859901,174,29.292609707354295,44.27801946445438
M11_KNP,F47_KNP,PO,119,7.996923281557915,17.933036187880788,255,9.266729791944092,7.734619372875069
M11_KNP,F47_KNP,PO,156,12.449590091854956,30.89329248859901,255,9.266729791944092,7.734619372875069
M11_KNP,M33_KNP,PO,119,7.996923281557915,17.933036187880788,255,9.300096989804022,7.814323503557291
M11_KNP,M33_KNP,PO,156,12.449590091854956,30.89329248859901,255,9.300096989804022,7.814323503557291
M11_KNP,M46_KNP,PO,119,7.996923281557915,17.933036187880788,194,31.15005038820601,36.576379721388456
M11_KNP,M46_KNP,PO,156,12.449590091854956,30.89329248859901,194,31.15005038820601,36.576379721388456
M11_KNP,M56_KNP,PO,119,7.996923281557915,17.933036187880788,240,9.7208951709711,21.85892619409346
M11_KNP,M56_KNP,PO,156,12.449590091854956,30.89329248859901,240,9.7208951709711,21.85892619409346
M11_KNP,M57_KNP,PO,119,7.996923281557915,17.933036187880788,241,13.810229900494775,25.553118290835503
M11_KNP,M57_KNP,PO,156,12.449590091854956,30.89329248859901,241,13.810229900494775,25.553118290835503
M12_KNP,F15_KNP,PO,57,11.042606582107933,23.256528578353304,132,37.19507440043886,29.564273067232392
M12_KNP,F15_KNP,PO,58,11.383697201028337,24.240781455264983,132,37.19507440043886,29.564273067232392
M12_KNP,F27_KNP,PO,57,11.042606582107933,23.256528578353304,194,31.848908551536656,35.4883262014975
M12_KNP,F27_KNP,PO,58,11.383697201028337,24.240781455264983,194,31.848908551536656,35.4883262014975
M12_KNP,M6_KNP,PO,57,11.042606582107933,23.256528578353304,62,14.347813274170418,31.829352229701552
M12_KNP,M6_KNP,PO,57,11.042606582107933,23.256528578353304,119,8.430696853733036,18.17770921942945
M12_KNP,M6_KNP,PO,58,11.383697201028337,24.240781455264983,62,14.347813274170418,31.829352229701552
M12_KNP,M6_KNP,PO,58,11.383697201028337,24.240781455264983,119,8.430696853733036,18.17770921942945
M13_KNP,F38_KNP,PO,174,29.361198207034523,44.33918772234155,174,29.363052310995677,44.350309223775575
M13_KNP,M37_KNP,PO,174,29.361198207034523,44.33918772234155,136,5.915180511014424,14.657754015558888
M13_KNP,M39_KNP,PO,174,29.361198207034523,44.33918772234155,126,20.346493585296464,28.730160459680132
M13_KNP,M7_KNP,PO,174,29.361198207034523,44.33918772234155,206,22.14646816575407,12.374139091509683
M13_KNP,M11_KNP,PO,174,29.361198207034523,44.33918772234155,119,7.996923281557915,17.933036187880788
M13_KNP,M11_KNP,PO,174,29.361198207034523,44.33918772234155,156,12.449590091854956,30.89329248859901
M14_KNP,M46_KNP,PO,174,29.34080751242266,44.270605204308374,194,31.15005038820601,36.576379721388456
M14_KNP,M46_KNP,PO,195,36.48880204574402,32.604150200010665,194,31.15005038820601,36.576379721388456
M14_KNP,M13_KNP,PO,174,29.34080751242266,44.270605204308374,174,29.361198207034523,44.33918772234155
M14_KNP,M13_KNP,PO,195,36.48880204574402,32.604150200010665,174,29.361198207034523,44.33918772234155
M15_KNP,M38_KNP,PO,254,10.097202642752507,5.078434150785854,161,18.242506016179558,48.58389414006808
M15_KNP,M70_KNP,PO,254,10.097202642752507,5.078434150785854,156,12.508909183969806,30.852513724150903
M17_KNP,F35_KNP,PO,3,14.620312056690931,41.2307280715301,274,23.41071458873721,43.88505978419031
M17_KNP,F35_KNP,PO,5,16.511119935402178,42.4040464728203,274,23.41071458873721,43.88505978419031
M17_KNP,F35_KNP,PO,7,16.563023723912416,41.67188099881831,274,23.41071458873721,43.88505978419031
M17_KNP,F35_KNP,PO,136,5.670487726710783,14.8116014149913,274,23.41071458873721,43.88505978419031
M18_KNP,F21_KNP,PO,119,17.8154058835765,54.9185159614628,152,18.570616795132626,30.711641335581515
M18_KNP,F21_KNP,PO,162,18.418611413042996,53.190049354400614,152,18.570616795132626,30.711641335581515
M18_KNP,F28_KNP,PO,119,17.8154058835765,54.9185159614628,194,31.77475885221298,35.566176711535704
M18_KNP,F28_KNP,PO,162,18.418611413042996,53.190049354400614,194,31.77475885221298,35.566176711535704
M18_KNP,F32_KNP,PO,119,17.8154058835765,54.9185159614628,194,31.268689684675735,36.261270551162596
M18_KNP,F32_KNP,PO,162,18.418611413042996,53.190049354400614,194,31.268689684675735,36.261270551162596
M18_KNP,F38_KNP,PO,119,17.8154058835765,54.9185159614628,174,29.363052310995677,44.350309223775575
M18_KNP,F38_KNP,PO,162,18.418611413042996,53.190049354400614,174,29.363052310995677,44.350309223775575
M18_KNP,F42_KNP,PO,119,17.8154058835765,54.9185159614628,239,10.24364793743831,22.19627836718737
M18_KNP,F42_KNP,PO,162,18.418611413042996,53.190049354400614,239,10.24364793743831,22.19627836718737
M18_KNP,F43_KNP,PO,119,17.8154058835765,54.9185159614628,239,10.225110234547582,22.18515686575334
M18_KNP,F43_KNP,PO,162,18.418611413042996,53.190049354400614,239,10.225110234547582,22.18515686575334
M18_KNP,F45_KNP,PO,119,17.8154058835765,54.9185159614628,240,9.713479867366884,21.853365443376443
M18_KNP,F45_KNP,PO,162,18.418611413042996,53.190049354400614,240,9.713479867366884,21.853365443376443
M18_KNP,F50_KNP,PO,119,17.8154058835765,54.9185159614628,59,14.661090109194992,19.897835145276176
M18_KNP,F50_KNP,PO,162,18.418611413042996,53.190049354400614,59,14.661090109194992,19.897835145276176
M18_KNP,M47_KNP,PO,119,17.8154058835765,54.9185159614628,194,30.605052823165778,37.03977565154471
M18_KNP,M47_KNP,PO,162,18.418611413042996,53.190049354400614,194,30.605052823165778,37.03977565154471
M19_KNP,F45_KNP,PO,162,18.817163683397425,54.50424003304517,240,9.713479867366884,21.853365443376443
M19_KNP,M35_KNP,PO,162,18.817163683397425,54.50424003304517,136,5.815078917435428,14.707800772012018
M19_KNP,M55_KNP,PO,162,18.817163683397425,54.50424003304517,239,10.14354634385971,22.10359922564212
M20_KNP,F16_KNP,PO,1,14.332982666961987,44.30396970861047,132,37.208050903686534,29.532762183574317
M20_KNP,F16_KNP,PO,161,17.456523874757604,47.91660405402627,132,37.208050903686534,29.532762183574317
M20_KNP,F18_KNP,PO,1,14.332982666961987,44.30396970861047,135,36.929990921522965,29.686609583006724
M20_KNP,F18_KNP,PO,161,17.456523874757604,47.91660405402627,135,36.929990921522965,29.686609583006724
M20_KNP,M58_KNP,PO,1,14.332982666961987,44.30396970861047,287,21.84616338501787,52.25398961329806
M20_KNP,M58_KNP,PO,161,17.456523874757604,47.91660405402627,287,21.84616338501787,52.25398961329806
M21_KNP,F16_KNP,PO,121,18.246214224101873,53.98338308628977,132,37.208050903686534,29.532762183574317
M21_KNP,F21_KNP,PO,121,18.246214224101873,53.98338308628977,152,18.570616795132626,30.711641335581515
M21_KNP,F25_KNP,PO,121,18.246214224101873,53.98338308628977,152,18.644766494456302,30.707934205508515
M21_KNP,F28_KNP,PO,121,18.246214224101873,53.98338308628977,194,31.77475885221298,35.566176711535704
M21_KNP,F38_KNP,PO,121,18.246214224101873,53.98338308628977,174,29.363052310995677,44.350309223775575
M21_KNP,F40_KNP,PO,121,18.246214224101873,53.98338308628977,174,29.34451460810495,44.289140965888414
M21_KNP,F42_KNP,PO,121,18.246214224101873,53.98338308628977,239,10.24364793743831,22.19627836718737
M21_KNP,F43_KNP,PO,121,18.246214224101873,53.98338308628977,239,10.225110234547582,22.18515686575334
M21_KNP,F45_KNP,PO,121,18.246214224101873,53.98338308628977,240,9.713479867366884,21.853365443376443
M21_KNP,F48_KNP,PO,121,18.246214224101873,53.98338308628977,255,9.261168592301035,7.727205001514042
M21_KNP,F50_KNP,PO,121,18.246214224101873,53.98338308628977,59,14.661090109194992,19.897835145276176
M21_KNP,M35_KNP,PO,121,18.246214224101873,53.98338308628977,136,5.815078917435428,14.707800772012018
M21_KNP,M51_KNP,PO,121,18.246214224101873,53.98338308628977,144,24.445097722385125,31.912763490456783
M21_KNP,M54_KNP,PO,121,18.246214224101873,53.98338308628977,239,10.210280739578776,22.136963729944213
M21_KNP,M56_KNP,PO,121,18.246214224101873,53.98338308628977,240,9.7208951709711,21.85892619409346
M21_KNP,M58_KNP,PO,121,18.246214224101873,53.98338308628977,287,21.84616338501787,52.25398961329806
M23_KNP,M46_KNP,PO,274,23.3495413926612,43.751601766981956,194,31.15005038820601,36.576379721388456
M25_KNP,F17_KNP,PO,67,13.711982410876939,41.820167647533694,134,33.53580503516839,27.082324738014663
M25_KNP,F23_KNP,PO,67,13.711982410876939,41.820167647533694,152,18.572470899093783,30.71534846565453
M25_KNP,F28_KNP,PO,67,13.711982410876939,41.820167647533694,194,31.77475885221298,35.566176711535704
M25_KNP,F41_KNP,PO,67,13.711982410876939,41.820167647533694,174,29.292609707354295,44.27801946445438
M25_KNP,M24_KNP,PO,67,13.711982410876939,41.820167647533694,176,29.472422199900027,44.150122197963036
M26_KNP,M56_KNP,PO,119,7.970970275062577,17.894110932861683,240,9.7208951709711,21.85892619409346
M26_KNP,M56_KNP,PO,241,14.310737868388964,25.779255449589115,240,9.7208951709711,21.85892619409346
M28_KNP,F41_KNP,PO,285,25.036438988532556,49.50512513844859,174,29.292609707354295,44.27801946445438
M29_KNP,F25_KNP,PO,62,14.314446076310885,31.825645099628552,152,18.644766494456302,30.707934205508515
M29_KNP,M39_KNP,PO,62,14.314446076310885,31.825645099628552,126,20.346493585296464,28.730160459680132
M30_KNP,M56_KNP,PO,159,21.3030199239384,5.169259671687094,240,9.7208951709711,21.85892619409346
M32_KNP,F41_KNP,PO,8,16.596390921772347,42.52452947916562,174,29.292609707354295,44.27801946445438
M32_KNP,F41_KNP,PO,132,37.243272205507225,29.52534781221329,174,29.292609707354295,44.27801946445438
M32_KNP,M33_KNP,PO,8,16.596390921772347,42.52452947916562,255,9.300096989804022,7.814323503557291
M32_KNP,M33_KNP,PO,132,37.243272205507225,29.52534781221329,255,9.300096989804022,7.814323503557291
M60_KNP,F46_KNP,PO,263,17.096898889666534,48.00742968614253,287,21.851724584660932,52.25769674337107
M64_KNP,M37_KNP,PO,3,14.659240454193522,41.24370319360814,136,5.915180511014424,14.657754015558888
M64_KNP,M37_KNP,PO,175,28.384281173780323,44.237240700006275,136,5.915180511014424,14.657754015558888
M64_KNP,M73_KNP,PO,3,14.659240454193522,41.24370319360814,57,9.188869660218847,21.977555913439826
M64_KNP,M73_KNP,PO,175,28.384281173780323,44.237240700006275,57,9.188869660218847,21.977555913439826
M64_KNP,M13_KNP,PO,3,14.659240454193522,41.24370319360814,174,29.361198207034523,44.33918772234155
M64_KNP,M13_KNP,PO,175,28.384281173780323,44.237240700006275,174,29.361198207034523,44.33918772234155
M64_KNP,M14_KNP,PO,3,14.659240454193522,41.24370319360814,174,29.34080751242266,44.270605204308374
M64_KNP,M14_KNP,PO,3,14.659240454193522,41.24370319360814,195,36.48880204574402,32.604150200010665
M64_KNP,M14_KNP,PO,175,28.384281173780323,44.237240700006275,174,29.34080751242266,44.270605204308374
M64_KNP,M14_KNP,PO,175,28.384281173780323,44.237240700006275,195,36.48880204574402,32.604150200010665
M71_KNP,F25_KNP,PO,66,16.65941822180912,42.45965397999044,152,18.644766494456302,30.707934205508515
M71_KNP,F31_KNP,PO,66,16.65941822180912,42.45965397999044,194,31.331716984712898,36.00732963882391
M71_KNP,M21_KNP,PO,66,16.65941822180912,42.45965397999044,121,18.246214224101873,53.98338308628977
M72_KNP,F14_KNP,PO,59,10.384527583521368,24.555890291845788,132,37.19692850440002,29.556858807086385
M72_KNP,M56_KNP,PO,59,10.384527583521368,24.555890291845788,240,9.7208951709711,21.85892619409346
M72_KNP,M4_KNP,PO,59,10.384527583521368,24.555890291845788,161,21.34009421748023,4.646549104287672
M72_KNP,M4_KNP,PO,59,10.384527583521368,24.555890291845788,162,21.69601099464938,8.057142914461949
M72_KNP,M4_KNP,PO,59,10.384527583521368,24.555890291845788,163,21.55141980392434,5.425054204669788
M72_KNP,M10_KNP,PO,59,10.384527583521368,24.555890291845788,286,18.25177542374493,24.82836707697953
M72_KNP,M10_KNP,PO,59,10.384527583521368,24.555890291845788,287,17.439468787691553,24.678412203049028
F2_KNP,F25_KNP,PO,134,33.52653673984264,27.076763987297646,152,18.644766494456302,30.707934205508515
F2_KNP,M50_KNP,PO,134,33.52653673984264,27.076763987297646,274,23.436296107096464,43.526947438014545
F3_KNP,F26_KNP,PO,194,31.85632274290125,35.508715583721546,194,31.917495938977257,35.508715583721546
F3_KNP,F26_KNP,PO,195,36.43504415327223,32.585614327215616,194,31.917495938977257,35.508715583721546
F3_KNP,F35_KNP,PO,194,31.85632274290125,35.508715583721546,274,23.41071458873721,43.88505978419031
F3_KNP,F35_KNP,PO,195,36.43504415327223,32.585614327215616,274,23.41071458873721,43.88505978419031
F3_KNP,F46_KNP,PO,194,31.85632274290125,35.508715583721546,287,21.851724584660932,52.25769674337107
F3_KNP,F46_KNP,PO,195,36.43504415327223,32.585614327215616,287,21.851724584660932,52.25769674337107
F3_KNP,M73_KNP,PO,194,31.85632274290125,35.508715583721546,57,9.188869660218847,21.977555913439826
F3_KNP,M73_KNP,PO,195,36.43504415327223,32.585614327215616,57,9.188869660218847,21.977555913439826
F3_KNP,M13_KNP,PO,194,31.85632274290125,35.508715583721546,174,29.361198207034523,44.33918772234155
F3_KNP,M13_KNP,PO,195,36.43504415327223,32.585614327215616,174,29.361198207034523,44.33918772234155
F4_KNP,F27_KNP,PO,194,31.81739434539826,35.4883262014975,194,31.848908551536656,35.4883262014975
F4_KNP,F27_KNP,PO,195,36.43319004931107,32.676439959331866,194,31.848908551536656,35.4883262014975
F5_KNP,F16_KNP,PO,239,10.069396644536031,22.044284588398966,132,37.208050903686534,29.532762183574317
F5_KNP,F23_KNP,PO,239,10.069396644536031,22.044284588398966,152,18.572470899093783,30.71534846565453
F5_KNP,F25_KNP,PO,239,10.069396644536031,22.044284588398966,152,18.644766494456302,30.707934205508515
F5_KNP,F28_KNP,PO,239,10.069396644536031,22.044284588398966,194,31.77475885221298,35.566176711535704
F5_KNP,F43_KNP,PO,239,10.069396644536031,22.044284588398966,239,10.225110234547582,22.18515686575334
F5_KNP,F45_KNP,PO,239,10.069396644536031,22.044284588398966,240,9.713479867366884,21.853365443376443
F5_KNP,F47_KNP,PO,239,10.069396644536031,22.044284588398966,255,9.266729791944092,7.734619372875069
F5_KNP,M56_KNP,PO,239,10.069396644536031,22.044284588398966,240,9.7208951709711,21.85892619409346
F5_KNP,M62_KNP,PO,239,10.069396644536031,22.044284588398966,57,9.188869660218847,21.977555913439826
F5_KNP,M18_KNP,PO,239,10.069396644536031,22.044284588398966,119,17.8154058835765,54.9185159614628
F5_KNP,M18_KNP,PO,239,10.069396644536031,22.044284588398966,162,18.418611413042996,53.190049354400614
F5_KNP,M21_KNP,PO,239,10.069396644536031,22.044284588398966,121,18.246214224101873,53.98338308628977
F6_KNP,F41_KNP,PO,255,9.266729791944092,7.736472993519082,174,29.292609707354295,44.27801946445438
F6_KNP,F46_KNP,PO,255,9.266729791944092,7.736472993519082,287,21.851724584660932,52.25769674337107
F6_KNP,M68_KNP,PO,255,9.266729791944092,7.736472993519082,174,29.33709930450034,44.26133721230333
F7_KNP,F48_KNP,PO,255,9.259315600579896,7.725351492085047,255,9.261168592301035,7.727205001514042
F7_KNP,M70_KNP,PO,255,9.259315600579896,7.725351492085047,156,12.508909183969806,30.852513724150903
F7_KNP,M15_KNP,PO,255,9.259315600579896,7.725351492085047,254,10.097202642752507,5.078434150785854
F8_KNP,F16_KNP,PO,162,18.633644095169398,55.355034892748485,132,37.208050903686534,29.532762183574317
F8_KNP,F16_KNP,PO,274,23.445194026525353,43.974031795662555,132,37.208050903686534,29.532762183574317
F8_KNP,F40_KNP,PO,162,18.633644095169398,55.355034892748485,174,29.34451460810495,44.289140965888414
F8_KNP,F40_KNP,PO,274,23.445194026525353,43.974031795662555,174,29.34451460810495,44.289140965888414
F8_KNP,F42_KNP,PO,162,18.633644095169398,55.355034892748485,239,10.24364793743831,22.19627836718737
F8_KNP,F42_KNP,PO,274,23.445194026525353,43.974031795662555,239,10.24364793743831,22.19627836718737
F8_KNP,F45_KNP,PO,162,18.633644095169398,55.355034892748485,240,9.713479867366884,21.853365443376443
F8_KNP,F45_KNP,PO,274,23.445194026525353,43.974031795662555,240,9.713479867366884,21.853365443376443
F8_KNP,M55_KNP,PO,162,18.633644095169398,55.355034892748485,239,10.14354634385971,22.10359922564212
F8_KNP,M55_KNP,PO,274,23.445194026525353,43.974031795662555,239,10.14354634385971,22.10359922564212
F8_KNP,M56_KNP,PO,162,18.633644095169398,55.355034892748485,240,9.7208951709711,21.85892619409346
F8_KNP,M56_KNP,PO,274,23.445194026525353,43.974031795662555,240,9.7208951709711,21.85892619409346
F8_KNP,M1_KNP,PO,162,18.633644095169398,55.355034892748485,136,5.815078917435428,14.70965439265603
F8_KNP,M1_KNP,PO,274,23.445194026525353,43.974031795662555,136,5.815078917435428,14.70965439265603
F8_KNP,M22_KNP,PO,162,18.633644095169398,55.355034892748485,121,18.203577618676967,53.97782233557275
F8_KNP,M22_KNP,PO,274,23.445194026525353,43.974031795662555,121,18.203577618676967,53.97782233557275
F8_KNP,M23_KNP,PO,162,18.633644095169398,55.355034892748485,274,23.3495413926612,43.751601766981956
F8_KNP,M23_KNP,PO,274,23.445194026525353,43.974031795662555,274,23.3495413926612,43.751601766981956
F9_KNP,F38_KNP,PO,174,29.359344103073365,44.328066220907516,174,29.363052310995677,44.350309223775575
F9_KNP,F43_KNP,PO,174,29.359344103073365,44.328066220907516,239,10.225110234547582,22.18515686575334
F9_KNP,F45_KNP,PO,174,29.359344103073365,44.328066220907516,240,9.713479867366884,21.853365443376443
F9_KNP,F46_KNP,PO,174,29.359344103073365,44.328066220907516,287,21.851724584660932,52.25769674337107
F9_KNP,M68_KNP,PO,174,29.359344103073365,44.328066220907516,174,29.33709930450034,44.26133721230333
F9_KNP,M21_KNP,PO,174,29.359344103073365,44.328066220907516,121,18.246214224101873,53.98338308628977
F9_KNP,M60_KNP,PO,174,29.359344103073365,44.328066220907516,263,17.096898889666534,48.00742968614253
F10_KNP,M69_KNP,PO,174,29.348221703786855,44.32250547019051,64,16.553755428587063,42.316928081992046
F10_KNP,M16_KNP,PO,174,29.348221703786855,44.32250547019051,119,8.189711165111296,18.238877477316617
F10_KNP,M16_KNP,PO,174,29.348221703786855,44.32250547019051,136,5.668633622749625,14.82272291642533
F10_KNP,M60_KNP,PO,174,29.348221703786855,44.32250547019051,263,17.096898889666534,48.00742968614253
F11_KNP,F15_KNP,PO,287,21.859139888265148,52.23545374050301,132,37.19507440043886,29.564273067232392
F11_KNP,F46_KNP,PO,287,21.859139888265148,52.23545374050301,287,21.851724584660932,52.25769674337107
F11_KNP,M53_KNP,PO,287,21.859139888265148,52.23545374050301,173,30.784865315711507,43.04538642592104
F11_KNP,M28_KNP,PO,287,21.859139888265148,52.23545374050301,285,25.036438988532556,49.50512513844859
F11_KNP,M52_KNP,PO,287,21.859139888265148,52.23545374050301,145,25.501725654606055,31.158355013586736
F12_KNP,F13_KNP,PO,126,20.29273569282467,28.93405472678069,126,20.302003988150027,28.911811723912635
F12_KNP,M39_KNP,PO,126,20.29273569282467,28.93405472678069,126,20.346493585296464,28.730160459680132
F12_KNP,M10_KNP,PO,126,20.29273569282467,28.93405472678069,286,18.25177542374493,24.82836707697953
F12_KNP,M10_KNP,PO,126,20.29273569282467,28.93405472678069,287,17.439468787691553,24.678412203049028
F12_KNP,M27_KNP,PO,126,20.29273569282467,28.93405472678069,285,17.423341308726094,24.704176940561183
F12_KNP,F1_KNP,PO,126,20.29273569282467,28.93405472678069,126,20.350200680978364,28.73201408032414
F12_KNP,F7_KNP,PO,126,20.29273569282467,28.93405472678069,255,9.259315600579896,7.725351492085047
F39_KNP,F38_KNP,PO,174,29.35192991170917,44.326212711478526,174,29.363052310995677,44.350309223775575
F39_KNP,F40_KNP,PO,174,29.35192991170917,44.326212711478526,174,29.34451460810495,44.289140965888414
F39_KNP,F41_KNP,PO,174,29.35192991170917,44.326212711478526,174,29.292609707354295,44.27801946445438
F39_KNP,F45_KNP,PO,174,29.35192991170917,44.326212711478526,240,9.713479867366884,21.853365443376443
F39_KNP,F49_KNP,PO,174,29.35192991170917,44.326212711478526,255,9.242632001649932,7.664183234197881
F39_KNP,M39_KNP,PO,174,29.35192991170917,44.326212711478526,126,20.346493585296464,28.730160459680132
F39_KNP,M11_KNP,PO,174,29.35192991170917,44.326212711478526,119,7.996923281557915,17.933036187880788
F39_KNP,M11_KNP,PO,174,29.35192991170917,44.326212711478526,156,12.449590091854956,30.89329248859901
F39_KNP,M18_KNP,PO,174,29.35192991170917,44.326212711478526,119,17.8154058835765,54.9185159614628
F39_KNP,M18_KNP,PO,174,29.35192991170917,44.326212711478526,162,18.418611413042996,53.190049354400614
F39_KNP,M27_KNP,PO,174,29.35192991170917,44.326212711478526,285,17.423341308726094,24.704176940561183
F39_KNP,F8_KNP,PO,174,29.35192991170917,44.326212711478526,162,18.633644095169398,55.355034892748485
F39_KNP,F8_KNP,PO,174,29.35192991170917,44.326212711478526,274,23.445194026525353,43.974031795662555
